[
    {"name": "Alice", "age": 30, "city": "New York"},
    {"name": "Bob", "age": 35, "city": "Los Angeles"},
    {"name": "Charlie", "age": 25, "city": "Chicago"},
    {"name": "David", "age": 40, "city": "Houston"},
    {"name": "Emily", "age": 28, "city": "San Francisco"},
    {"name": "Frank", "age": 32, "city": "Seattle"},
    {"name": "Grace", "age": 37, "city": "Boston"},
    {"name": "Henry", "age": 45, "city": "Miami"},
    {"name": "Ivy", "age": 33, "city": "Denver"},
    {"name": "Jack", "age": 29, "city": "Phoenix"}
  ]